year,drug_name,drug_type,January_purchase,February_purchase,March_purchase,April_purchase,May_purchase,June_purchase,July_purchase,August_purchase,September_purchase,October_purchase,November_purchase,December_purchase,total_Quantity,price,total_price
2020,Cefuroxime,Antibiotic,85,95,110,75,80,90,105,100,85,95,115,100,1105,25,27625
2020,Ranitidine,Acid reducer,45,55,60,40,45,50,55,50,45,55,65,60,575,12,6900
2020,Omeprazole,Proton pump inhibitor,70,80,90,65,70,75,85,80,70,80,90,85,900,15,13500
2020,Dexamethasone,Steroid,55,65,75,50,55,60,70,65,55,65,75,70,745,18,13410
2020,Furosemide,Diuretic,30,40,45,25,30,35,40,35,30,40,45,40,435,20,8700
2020,Ibuprofen,Pain reliever,95,105,115,90,95,100,110,105,95,105,115,110,1140,8,9120
2020,Atorvastatin,Statins,40,50,55,35,40,45,50,45,40,50,55,50,555,30,16650
2020,Loratadine,Antihistamine,25,35,40,20,25,30,35,30,25,35,40,35,355,10,3550
2020,Ciprofloxacin,Antibiotic,80,90,100,75,80,85,95,90,80,90,100,95,1010,22,22220
2020,Simvastatin,Statins,60,70,80,55,60,65,75,70,60,70,80,75,795,28,22260
2020,Aspirin,Blood thinner,50,60,65,45,50,55,60,55,50,60,65,60,675,18,12150
2020,Amlodipine,Calcium channel blocker,35,45,50,30,35,40,45,40,35,45,50,45,485,20,9700
2020,Metoprolol,Beta blocker,75,85,95,70,75,80,90,85,75,85,95,90,945,15,14175
2020,Lisinopril,ACE inhibitor,65,75,85,60,65,70,80,75,65,75,85,80,850,12,10200
2020,Prednisone,Steroid,20,30,35,15,20,25,30,25,20,30,35,30,305,18,5490
2020,Amoxicillin,Antibiotic,90,100,110,85,90,95,105,100,90,100,110,105,1125,20,22500
2020,Fluoxetine,SSRI antidepressant,15,25,30,10,15,20,25,20,15,25,30,25,250,10,2500
2020,Lansoprazole,Proton pump inhibitor,100,110,120,95,100,105,115,110,100,110,120,115,1215,15,18225
2020,Prednisolone,Steroid,10,20,25,5,10,15,20,15,10,20,25,20,205,20,4100
2020,Warfarin,Blood thinner,85,95,105,80,85,90,100,95,85,95,105,100,1050,10,10500
2020,Hydrochlorothiazide,Diuretic,30,40,45,25,30,35,40,35,30,40,45,40,435,25,10875
2020,Fluconazole,Antifungal,65,75,85,60,65,70,80,75,65,75,85,80,845,15,12675
2020,Bupropion,Atypical antidepressant,50,60,70,45,50,55,60,55,50,60,70,65,675,12,8100
2020,Cephalexin,Antibiotic,20,30,35,15,20,25,30,25,20,30,35,30,305,22,6710
2020,Tramadol,Analgesic,90,100,110,85,90,95,105,100,90,100,110,105,1125,8,9000
2020,Clarithromycin,Antibiotic,15,25,30,10,15,20,25,20,15,25,30,25,250,20,5000
2020,Fluticasone,Corticosteroid,100,110,120,95,100,105,115,110,100,110,120,115,1215,18,21870
2020,Valsartan,ARB,10,20,25,5,10,15,20,15,10,20,25,20,205,30,6150
2020,Sertraline,SSRI antidepressant,85,95,105,80,85,90,100,95,85,95,105,100,1050,12,12600
2020,Levothyroxine,Thyroid hormone,30,40,45,25,30,35,40,35,30,40,45,40,435,15,6525
2020,Diazepam,Benzodiazepine,65,75,85,60,65,70,80,75,65,75,85,80,845,10,8450
2020,Paroxetine,SSRI antidepressant,20,30,35,15,20,25,30,25,20,30,35,30,305,12,3660
2020,Losartan,ARB,90,100,110,85,90,95,105,100,90,100,110,105,1125,8,9000
2020,Ondansetron,Antiemetic,15,25,30,10,15,20,25,20,15,25,30,25,250,20,5000
2020,Propranolol,Beta blocker,100,110,120,95,100,105,115,110,100,110,120,115,1215,15,18225
2020,Metformin,Diabetes medication,10,20,25,5,10,15,20,15,10,20,25,20,205,25,5125
2020,Codeine,Analgesic,85,95,105,80,85,90,100,95,85,95,105,100,1050,8,8400
2020,Levofloxacin,Antibiotic,30,40,45,25,30,35,40,35,30,40,45,40,435,20,8700
2020,Albuterol,Short-acting β2-adrenergic agonist,65,75,85,60,65,70,80,75,65,75,85,80,845,15,12675
2020,Citalopram,SSRI antidepressant,20,30,35,15,20,25,30,25,20,30,35,30,305,12,3660
2020,Lisinopril,ARB,90,100,110,85,90,95,105,100,90,100,110,105,1125,8,9000
2020,Methylprednisolone,Steroid,15,25,30,10,15,20,25,20,15,25,30,25,250,18,4500
2020,Cetirizine,Antihistamine,100,110,120,95,100,105,115,110,100,110,120,115,1215,10,12150
2020,Aripiprazole,Atypical antipsychotic,10,20,25,5,10,15,20,15,10,20,25,20,205,25,5125
2020,Clonazepam,Benzodiazepine,85,95,105,80,85,90,100,95,85,95,105,100,1050,12,12600
2020,Metronidazole,Antibiotic,30,40,45,25,30,35,40,35,30,40,45,40,435,22,9570
2020,Hydroxyzine,Anxiolytic,65,75,85,60,65,70,80,75,65,75,85,80,845,10,8450
2020,Carvedilol,Beta blocker,20,30,35,15,20,25,30,25,20,30,35,30,305,15,4575
2020,Alprazolam,Benzodiazepine,90,100,110,85,90,95,105,100,90,100,110,105,1125,10,11250
2020,Celecoxib,NSAID,15,25,30,10,15,20,25,20,15,25,30,25,250,15,3750
2020,Escitalopram,SSRI antidepressant,100,110,120,95,100,105,115,110,100,110,120,115,1215,12,14580
2020,Pregabalin,Anticonvulsant,10,20,25,5,10,15,20,15,10,20,25,20,205,20,4100
2020,Lamotrigine,Anticonvulsant,85,95,105,80,85,90,100,95,85,95,105,100,1050,15,15750
2020,Budesonide,Corticosteroid,30,40,45,25,30,35,40,35,30,40,45,40,435,18,7830
2020,Quetiapine,Atypical antipsychotic,65,75,85,60,65,70,80,75,65,75,85,80,845,20,16900
2020,Risperidone,Atypical antipsychotic,20,30,35,15,20,25,30,25,20,30,35,30,305,22,6710
2020,Venlafaxine,SNRI antidepressant,90,100,110,85,90,95,105,100,90,100,110,105,1125,12,13500
2020,Mirtazapine,Atypical antidepressant,15,25,30,10,15,20,25,20,15,25,30,25,250,10,2500
2020,Trazodone,SARI antidepressant,100,110,120,95,100,105,115,110,100,110,120,115,1215,15,18225
2020,Baclofen,Muscle relaxant,10,20,25,5,10,15,20,15,10,20,25,20,205,25,5125
2020,Methotrexate,Chemotherapy agent,85,95,105,80,85,90,100,95,85,95,105,100,1050,20,21000
2020,Doxycycline,Antibiotic,30,40,45,25,30,35,40,35,30,40,45,40,435,22,9570
2020,Desvenlafaxine,SNRI antidepressant,65,75,85,60,65,70,80,75,65,75,85,80,845,12,10140
2020,Methylphenidate,Stimulant,20,30,35,15,20,25,30,25,20,30,35,30,305,18,5490
2020,Atomoxetine,SNRI antidepressant,90,100,110,85,90,95,105,100,90,100,110,105,1125,12,13500
2020,Buprenorphine,Opioid,15,25,30,10,15,20,25,20,15,25,30,25,250,15,3750
2020,Phenobarbital,Barbiturate,100,110,120,95,100,105,115,110,100,110,120,115,1215,10,12150
2020,Clomipramine,TCA antidepressant,10,20,25,5,10,15,20,15,10,20,25,20,205,20,4100
2020,Duloxetine,SNRI antidepressant,85,95,105,80,85,90,100,95,85,95,105,100,1050,15,15750
2020,Fluvoxamine,SSRI antidepressant,30,40,45,25,30,35,40,35,30,40,45,40,435,18,7830
2020,Lofexidine,Alpha-2 adrenergic agonist,65,75,85,60,65,70,80,75,65,75,85,80,845,22,18590
2020,Tianeptine,Tricyclic antidepressant,20,30,35,15,20,25,30,25,20,30,35,30,305,10,3050
2020,Quinapril,ACE inhibitor,90,100,110,85,90,95,105,100,90,100,110,105,1125,12,13500
2020,Prochlorperazine,Phenothiazine,15,25,30,10,15,20,25,20,15,25,30,25,250,22,5500
2020,Clemastine,First-generation antihistamine,100,110,120,95,100,105,115,110,100,110,120,115,1215,10,12150
2020,Venlafaxine,SNRI antidepressant,10,20,25,5,10,15,20,15,10,20,25,20,205,25,5125
2020,Mirtazapine,Atypical antidepressant,85,95,105,80,85,90,100,95,85,95,105,100,1050,12,12600
2020,Trazodone,SARI antidepressant,30,40,45,25,30,35,40,35,30,40,45,40,435,20,8700
2020,Baclofen,Muscle relaxant,15,25,30,10,15,20,25,20,15,25,30,25,250,15,3750
2020,Methotrexate,Chemotherapy agent,100,110,120,95,100,105,115,110,100,110,120,115,1215,18,21870
2020,Doxycycline,Antibiotic,10,20,25,5,10,15,20,15,10,20,25,20,205,25,5125
2020,Desvenlafaxine,SNRI antidepressant,85,95,105,80,85,90,100,95,85,95,105,100,1050,12,12600
2020,Methylphenidate,Stimulant,30,40,45,25,30,35,40,35,30,40,45,40,435,20,8700
2020,Atomoxetine,SNRI antidepressant,65,75,85,60,65,70,80,75,65,75,85,80,845,15,12675
2020,Buprenorphine,Opioid,20,30,35,15,20,25,30,25,20,30,35,30,305,18,5490
2020,Phenobarbital,Barbiturate,100,110,120,95,100,105,115,110,100,110,120,115,1215,12,14580
2020,Clomipramine,TCA antidepressant,15,25,30,10,15,20,25,20,15,25,30,25,250,22,5500
2020,Duloxetine,SNRI antidepressant,90,100,110,85,90,95,105,100,90,100,110,105,1125,10,11250
2020,Fluvoxamine,SSRI antidepressant,10,20,25,5,10,15,20,15,10,20,25,20,205,25,5125
2020,Lofexidine,Alpha-2 adrenergic agonist,85,95,105,80,85,90,100,95,85,95,105,100,1050,12,12600
2020,Tianeptine,Tricyclic antidepressant,30,40,45,25,30,35,40,35,30,40,45,40,435,18,7830
2020,Quinapril,ACE inhibitor,100,110,120,95,100,105,115,110,100,110,120,115,1215,22,26730
2020,Prochlorperazine,Phenothiazine,15,25,30,10,15,20,25,20,15,25,30,25,250,25,6250
2020,Clemastine,First-generation antihistamine,90,100,110,85,90,95,105,100,90,100,110,105,1125,10,11250
2021,Erythromycin,Antibiotic,80,90,100,75,80,85,95,90,80,90,100,95,1005,22,22110
2021,Cimetidine,Acid reducer,40,50,55,35,40,45,50,45,40,50,55,50,525,12,6300
2021,Pantoprazole,Proton pump inhibitor,65,75,85,60,65,70,80,75,65,75,85,80,850,15,12750
2021,Prednisolone,Steroid,50,60,70,45,50,55,60,55,50,60,70,65,685,18,12330
2021,Spironolactone,Diuretic,25,35,40,20,25,30,35,30,25,35,40,35,385,20,7700
2021,Acetaminophen,Pain reliever,95,105,115,90,95,100,110,105,95,105,115,110,1140,8,9120
2021,Rosuvastatin,Statins,40,50,55,35,40,45,50,45,40,50,55,50,555,30,16650
2021,Diphenhydramine,Antihistamine,15,25,30,10,15,20,25,20,15,25,30,25,250,10,2500
2021,Ceftriaxone,Antibiotic,90,100,110,85,90,95,105,100,90,100,110,105,1125,22,24750
2021,Simvastatin,Statins,60,70,80,55,60,65,75,70,60,70,80,75,795,28,22260
2021,Aspirin,Blood thinner,50,60,65,45,50,55,60,55,50,60,65,60,675,18,12150
2021,Amlodipine,Calcium channel blocker,35,45,50,30,35,40,45,40,35,45,50,45,485,20,9700
2021,Metoprolol,Beta blocker,75,85,95,70,75,80,90,85,75,85,95,90,945,15,14175
2021,Lisinopril,ACE inhibitor,65,75,85,60,65,70,80,75,65,75,85,80,850,12,10200
2021,Prednisone,Steroid,20,30,35,15,20,25,30,25,20,30,35,30,305,18,5490
2021,Amoxicillin,Antibiotic,90,100,110,85,90,95,105,100,90,100,110,105,1125,20,22500
2021,Fluoxetine,SSRI antidepressant,15,25,30,10,15,20,25,20,15,25,30,25,250,10,2500
2021,Lansoprazole,Proton pump inhibitor,100,110,120,95,100,105,115,110,100,110,120,115,1215,15,18225
2021,Prednisolone,Steroid,10,20,25,5,10,15,20,15,10,20,25,20,205,20,4100
2021,Warfarin,Blood thinner,85,95,105,80,85,90,100,95,85,95,105,100,1050,10,10500
2021,Hydrochlorothiazide,Diuretic,30,40,45,25,30,35,40,35,30,40,45,40,435,25,10875
2021,Fluconazole,Antifungal,65,75,85,60,65,70,80,75,65,75,85,80,845,15,12675
2021,Bupropion,Atypical antidepressant,50,60,70,45,50,55,60,55,50,60,70,65,675,12,8100
2021,Cephalexin,Antibiotic,20,30,35,15,20,25,30,25,20,30,35,30,305,22,6710
2021,Tramadol,Analgesic,90,100,110,85,90,95,105,100,90,100,110,105,1125,8,9000
2021,Clarithromycin,Antibiotic,15,25,30,10,15,20,25,20,15,25,30,25,250,20,5000
2021,Fluticasone,Corticosteroid,100,110,120,95,100,105,115,110,100,110,120,115,1215,18,21870
2021,Valsartan,ARB,10,20,25,5,10,15,20,15,10,20,25,20,205,30,6150
2021,Sertraline,SSRI antidepressant,85,95,105,80,85,90,100,95,85,95,105,100,1050,12,12600
2021,Levothyroxine,Thyroid hormone,30,40,45,25,30,35,40,35,30,40,45,40,435,15,6525
2021,Diazepam,Benzodiazepine,65,75,85,60,65,70,80,75,65,75,85,80,845,10,8450
2021,Paroxetine,SSRI antidepressant,20,30,35,15,20,25,30,25,20,30,35,30,305,12,3660
2021,Losartan,ARB,90,100,110,85,90,95,105,100,90,100,110,105,1125,8,9000
2021,Ondansetron,Antiemetic,15,25,30,10,15,20,25,20,15,25,30,25,250,20,5000
2021,Propranolol,Beta blocker,100,110,120,95,100,105,115,110,100,110,120,115,1215,15,18225
2021,Metformin,Diabetes medication,10,20,25,5,10,15,20,15,10,20,25,20,205,25,5125
2021,Codeine,Analgesic,85,95,105,80,85,90,100,95,85,95,105,100,1050,8,8400
2021,Levofloxacin,Antibiotic,30,40,45,25,30,35,40,35,30,40,45,40,435,20,8700
2021,Albuterol,Short-acting β2-adrenergic agonist,65,75,85,60,65,70,80,75,65,75,85,80,845,15,12675
2021,Citalopram,SSRI antidepressant,20,30,35,15,20,25,30,25,20,30,35,30,305,12,3660
2021,Lisinopril,ARB,90,100,110,85,90,95,105,100,90,100,110,105,1125,8,9000
2021,Methylprednisolone,Steroid,15,25,30,10,15,20,25,20,15,25,30,25,250,18,4500
2021,Cetirizine,Antihistamine,100,110,120,95,100,105,115,110,100,110,120,115,1215,10,12150
2021,Aripiprazole,Atypical antipsychotic,10,20,25,5,10,15,20,15,10,20,25,20,205,25,5125
2021,Clonazepam,Benzodiazepine,85,95,105,80,85,90,100,95,85,95,105,100,1050,12,12600
2021,Metronidazole,Antibiotic,30,40,45,25,30,35,40,35,30,40,45,40,435,22,9570
2021,Hydroxyzine,Anxiolytic,65,75,85,60,65,70,80,75,65,75,85,80,845,10,8450
2021,Carvedilol,Beta blocker,20,30,35,15,20,25,30,25,20,30,35,30,305,15,4575
2021,Alprazolam,Benzodiazepine,90,100,110,85,90,95,105,100,90,100,110,105,1125,10,11250
2021,Celecoxib,NSAID,15,25,30,10,15,20,25,20,15,25,30,25,250,15,3750
2021,Escitalopram,SSRI antidepressant,100,110,120,95,100,105,115,110,100,110,120,115,1215,12,14580
2021,Pregabalin,Anticonvulsant,10,20,25,5,10,15,20,15,10,20,25,20,205,20,4100
2021,Lamotrigine,Anticonvulsant,85,95,105,80,85,90,100,95,85,95,105,100,1050,15,15750
2021,Budesonide,Corticosteroid,30,40,45,25,30,35,40,35,30,40,45,40,435,18,7830
2021,Quetiapine,Atypical antipsychotic,65,75,85,60,65,70,80,75,65,75,85,80,845,20,16900
2021,Risperidone,Atypical antipsychotic,20,30,35,15,20,25,30,25,20,30,35,30,305,22,6710
2021,Venlafaxine,SNRI antidepressant,90,100,110,85,90,95,105,100,90,100,110,105,1125,12,13500
2021,Mirtazapine,Atypical antidepressant,15,25,30,10,15,20,25,20,15,25,30,25,250,10,2500
2021,Trazodone,SARI antidepressant,100,110,120,95,100,105,115,110,100,110,120,115,1215,15,18225
2021,Baclofen,Muscle relaxant,10,20,25,5,10,15,20,15,10,20,25,20,205,25,5125
2021,Methotrexate,Chemotherapy agent,85,95,105,80,85,90,100,95,85,95,105,100,1050,20,21000
2021,Doxycycline,Antibiotic,30,40,45,25,30,35,40,35,30,40,45,40,435,22,9570
2021,Desvenlafaxine,SNRI antidepressant,65,75,85,60,65,70,80,75,65,75,85,80,845,12,10140
2021,Methylphenidate,Stimulant,20,30,35,15,20,25,30,25,20,30,35,30,305,18,5490
2021,Atomoxetine,SNRI antidepressant,90,100,110,85,90,95,105,100,90,100,110,105,1125,12,13500
2021,Buprenorphine,Opioid,15,25,30,10,15,20,25,20,15,25,30,25,250,15,3750
2021,Phenobarbital,Barbiturate,100,110,120,95,100,105,115,110,100,110,120,115,1215,10,12150
2021,Clomipramine,TCA antidepressant,10,20,25,5,10,15,20,15,10,20,25,20,205,20,4100
2021,Duloxetine,SNRI antidepressant,85,95,105,80,85,90,100,95,85,95,105,100,1050,15,15750
2021,Fluvoxamine,SSRI antidepressant,30,40,45,25,30,35,40,35,30,40,45,40,435,18,7830
2021,Lofexidine,Alpha-2 adrenergic agonist,65,75,85,60,65,70,80,75,65,75,85,80,845,22,18590
2021,Tianeptine,Tricyclic antidepressant,20,30,35,15,20,25,30,25,20,30,35,30,305,10,3050
2021,Quinapril,ACE inhibitor,90,100,110,85,90,95,105,100,90,100,110,105,1125,12,13500
2021,Prochlorperazine,Phenothiazine,15,25,30,10,15,20,25,20,15,25,30,25,250,22,5500
2021,Clemastine,First-generation antihistamine,100,110,120,95,100,105,115,110,100,110,120,115,1215,10,12150
2022,Levofloxacin,Antibiotic,80,90,100,75,80,85,95,90,80,90,100,95,1005,22,22110
2022,Cimetidine,Acid reducer,40,50,55,35,40,45,50,45,40,50,55,50,525,12,6300
2022,Pantoprazole,Proton pump inhibitor,65,75,85,60,65,70,80,75,65,75,85,80,850,15,12750
2022,Prednisolone,Steroid,50,60,70,45,50,55,60,55,50,60,70,65,685,18,12330
2022,Spironolactone,Diuretic,25,35,40,20,25,30,35,30,25,35,40,35,385,20,7700
2022,Acetaminophen,Pain reliever,95,105,115,90,95,100,110,105,95,105,115,110,1140,8,9120
2022,Rosuvastatin,Statins,40,50,55,35,40,45,50,45,40,50,55,50,555,30,16650
2022,Diphenhydramine,Antihistamine,15,25,30,10,15,20,25,20,15,25,30,25,250,10,2500
2022,Ceftriaxone,Antibiotic,90,100,110,85,90,95,105,100,90,100,110,105,1125,22,24750
2022,Simvastatin,Statins,60,70,80,55,60,65,75,70,60,70,80,75,795,28,22260
2022,Aspirin,Blood thinner,50,60,65,45,50,55,60,55,50,60,65,60,675,18,12150
2022,Amlodipine,Calcium channel blocker,35,45,50,30,35,40,45,40,35,45,50,45,485,20,9700
2022,Metoprolol,Beta blocker,75,85,95,70,75,80,90,85,75,85,95,90,945,15,14175
2022,Lisinopril,ACE inhibitor,65,75,85,60,65,70,80,75,65,75,85,80,850,12,10200
2022,Prednisone,Steroid,20,30,35,15,20,25,30,25,20,30,35,30,305,18,5490
2022,Amoxicillin,Antibiotic,90,100,110,85,90,95,105,100,90,100,110,105,1125,20,22500
2022,Fluoxetine,SSRI antidepressant,15,25,30,10,15,20,25,20,15,25,30,25,250,10,2500
2022,Lansoprazole,Proton pump inhibitor,100,110,120,95,100,105,115,110,100,110,120,115,1215,15,18225
2022,Prednisolone,Steroid,10,20,25,5,10,15,20,15,10,20,25,20,205,20,4100
2022,Warfarin,Blood thinner,85,95,105,80,85,90,100,95,85,95,105,100,1050,10,10500
2022,Hydrochlorothiazide,Diuretic,30,40,45,25,30,35,40,35,30,40,45,40,435,25,10875
2022,Fluconazole,Antifungal,65,75,85,60,65,70,80,75,65,75,85,80,845,15,12675
2022,Bupropion,Atypical antidepressant,50,60,70,45,50,55,60,55,50,60,70,65,675,12,8100
2022,Cephalexin,Antibiotic,20,30,35,15,20,25,30,25,20,30,35,30,305,22,6710
2022,Tramadol,Analgesic,90,100,110,85,90,95,105,100,90,100,110,105,1125,8,9000
2022,Clarithromycin,Antibiotic,15,25,30,10,15,20,25,20,15,25,30,25,250,20,5000
2022,Fluticasone,Corticosteroid,100,110,120,95,100,105,115,110,100,110,120,115,1215,18,21870
2022,Valsartan,ARB,10,20,25,5,10,15,20,15,10,20,25,20,205,30,6150
2022,Sertraline,SSRI antidepressant,85,95,105,80,85,90,100,95,85,95,105,100,1050,12,12600
2022,Levothyroxine,Thyroid hormone,30,40,45,25,30,35,40,35,30,40,45,40,435,15,6525
2022,Diazepam,Benzodiazepine,65,75,85,60,65,70,80,75,65,75,85,80,845,10,8450
2022,Paroxetine,SSRI antidepressant,20,30,35,15,20,25,30,25,20,30,35,30,305,12,3660
2022,Losartan,ARB,90,100,110,85,90,95,105,100,90,100,110,105,1125,8,9000
2022,Ondansetron,Antiemetic,15,25,30,10,15,20,25,20,15,25,30,25,250,20,5000
2022,Propranolol,Beta blocker,100,110,120,95,100,105,115,110,100,110,120,115,1215,15,18225
2022,Metformin,Diabetes medication,10,20,25,5,10,15,20,15,10,20,25,20,205,25,5125
2022,Codeine,Analgesic,85,95,105,80,85,90,100,95,85,95,105,100,1050,8,8400
2022,Levofloxacin,Antibiotic,30,40,45,25,30,35,40,35,30,40,45,40,435,20,8700
2022,Albuterol,Short-acting β2-adrenergic agonist,65,75,85,60,65,70,80,75,65,75,85,80,845,15,12675
2022,Citalopram,SSRI antidepressant,20,30,35,15,20,25,30,25,20,30,35,30,305,12,3660
2022,Lisinopril,ARB,90,100,110,85,90,95,105,100,90,100,110,105,1125,8,9000
2022,Methylprednisolone,Steroid,15,25,30,10,15,20,25,20,15,25,30,25,250,18,4500
2022,Cetirizine,Antihistamine,100,110,120,95,100,105,115,110,100,110,120,115,1215,10,12150
2022,Aripiprazole,Atypical antipsychotic,10,20,25,5,10,15,20,15,10,20,25,20,205,25,5125
2022,Clonazepam,Benzodiazepine,85,95,105,80,85,90,100,95,85,95,105,100,1050,12,12600
2022,Metronidazole,Antibiotic,30,40,45,25,30,35,40,35,30,40,45,40,435,22,9570
2022,Hydroxyzine,Anxiolytic,65,75,85,60,65,70,80,75,65,75,85,80,845,10,8450
2022,Carvedilol,Beta blocker,20,30,35,15,20,25,30,25,20,30,35,30,305,15,4575
2022,Alprazolam,Benzodiazepine,90,100,110,85,90,95,105,100,90,100,110,105,1125,10,11250
2022,Celecoxib,NSAID,15,25,30,10,15,20,25,20,15,25,30,25,250,15,3750
2022,Escitalopram,SSRI antidepressant,100,110,120,95,100,105,115,110,100,110,120,115,1215,12,14580
2022,Pregabalin,Anticonvulsant,10,20,25,5,10,15,20,15,10,20,25,20,205,20,410
2023,Erythromycin,Antibiotic,80,90,100,75,80,85,95,90,80,90,100,95,1005,22,22110
2023,Cimetidine,Acid reducer,40,50,55,35,40,45,50,45,40,50,55,50,525,12,6300
2023,Pantoprazole,Proton pump inhibitor,65,75,85,60,65,70,80,75,65,75,85,80,850,15,12750
2023,Prednisolone,Steroid,50,60,70,45,50,55,60,55,50,60,70,65,685,18,12330
2023,Spironolactone,Diuretic,25,35,40,20,25,30,35,30,25,35,40,35,385,20,7700
2023,Acetaminophen,Pain reliever,95,105,115,90,95,100,110,105,95,105,115,110,1140,8,9120
2023,Rosuvastatin,Statins,40,50,55,35,40,45,50,45,40,50,55,50,555,30,16650
2023,Diphenhydramine,Antihistamine,15,25,30,10,15,20,25,20,15,25,30,25,250,10,2500
2023,Ceftriaxone,Antibiotic,90,100,110,85,90,95,105,100,90,100,110,105,1125,22,24750
2023,Simvastatin,Statins,60,70,80,55,60,65,75,70,60,70,80,75,795,28,22260
2023,Aspirin,Blood thinner,50,60,65,45,50,55,60,55,50,60,65,60,675,18,12150
2023,Amlodipine,Calcium channel blocker,35,45,50,30,35,40,45,40,35,45,50,45,485,20,9700
2023,Metoprolol,Beta blocker,75,85,95,70,75,80,90,85,75,85,95,90,945,15,14175
2023,Lisinopril,ACE inhibitor,65,75,85,60,65,70,80,75,65,75,85,80,850,12,10200
2023,Prednisone,Steroid,20,30,35,15,20,25,30,25,20,30,35,30,305,18,5490
2023,Amoxicillin,Antibiotic,90,100,110,85,90,95,105,100,90,100,110,105,1125,20,22500
2023,Fluoxetine,SSRI antidepressant,15,25,30,10,15,20,25,20,15,25,30,25,250,10,2500
2023,Lansoprazole,Proton pump inhibitor,100,110,120,95,100,105,115,110,100,110,120,115,1215,15,18225
2023,Prednisolone,Steroid,10,20,25,5,10,15,20,15,10,20,25,20,205,20,4100
2023,Warfarin,Blood thinner,85,95,105,80,85,90,100,95,85,95,105,100,1050,10,10500
2023,Hydrochlorothiazide,Diuretic,30,40,45,25,30,35,40,35,30,40,45,40,435,25,10875
2023,Fluconazole,Antifungal,65,75,85,60,65,70,80,75,65,75,85,80,845,15,12675
2023,Bupropion,Atypical antidepressant,50,60,70,45,50,55,60,55,50,60,70,65,675,12,8100
2023,Cephalexin,Antibiotic,20,30,35,15,20,25,30,25,20,30,35,30,305,22,6710
2023,Tramadol,Analgesic,90,100,110,85,90,95,105,100,90,100,110,105,1125,8,9000
2023,Clarithromycin,Antibiotic,15,25,30,10,15,20,25,20,15,25,30,25,250,20,5000
2023,Fluticasone,Corticosteroid,100,110,120,95,100,105,115,110,100,110,120,115,1215,18,21870
2023,Valsartan,ARB,10,20,25,5,10,15,20,15,10,20,25,20,205,30,6150
2023,Sertraline,SSRI antidepressant,85,95,105,80,85,90,100,95,85,95,105,100,1050,12,12600
2023,Levothyroxine,Thyroid hormone,30,40,45,25,30,35,40,35,30,40,45,40,435,15,6525
2023,Diazepam,Benzodiazepine,65,75,85,60,65,70,80,75,65,75,85,80,845,10,8450
2023,Paroxetine,SSRI antidepressant,20,30,35,15,20,25,30,25,20,30,35,30,305,12,3660
2023,Losartan,ARB,90,100,110,85,90,95,105,100,90,100,110,105,1125,8,9000
2023,Ondansetron,Antiemetic,15,25,30,10,15,20,25,20,15,25,30,25,250,20,5000
2023,Propranolol,Beta blocker,100,110,120,95,100,105,115,110,100,110,120,115,1215,15,18225
2023,Metformin,Diabetes medication,10,20,25,5,10,15,20,15,10,20,25,20,205,25,5125
2023,Codeine,Analgesic,85,95,105,80,85,90,100,95,85,95,105,100,1050,8,8400
2023,Levofloxacin,Antibiotic,30,40,45,25,30,35,40,35,30,40,45,40,435,20,8700
2023,Albuterol,Short-acting β2-adrenergic agonist,65,75,85,60,65,70,80,75,65,75,85,80,845,15,12675
2023,Citalopram,SSRI antidepressant,20,30,35,15,20,25,30,25,20,30,35,30,305,12,3660
2023,Lisinopril,ARB,90,100,110,85,90,95,105,100,90,100,110,105,1125,8,9000
2023,Methylprednisolone,Steroid,15,25,30,10,15,20,25,20,15,25,30,25,250,18,4500
2023,Cetirizine,Antihistamine,100,110,120,95,100,105,115,110,100,110,120,115,1215,10,12150
2023,Aripiprazole,Atypical antipsychotic,10,20,25,5,10,15,20,15,10,20,25,20,205,25,5125
2023,Clonazepam,Benzodiazepine,85,95,105,80,85,90,100,95,85,95,105,100,1050,12,12600
2023,Metronidazole,Antibiotic,30,40,45,25,30,35,40,35,30,40,45,40,435,22,9570
2023,Hydroxyzine,Anxiolytic,65,75,85,60,65,70,80,75,65,75,85,80,845,10,8450
2023,Carvedilol,Beta blocker,20,30,35,15,20,25,30,25,20,30,35,30,305,15,4575
2023,Alprazolam,Benzodiazepine,90,100,110,85,90,95,105,100,90,100,110,105,1125,10,11250
2023,Celecoxib,NSAID,15,25,30,10,15,20,25,20,15,25,30,25,250,15,3750
2023,Escitalopram,SSRI antidepressant,100,110,120,95,100,105,115,110,100,110,120,115,1215,12,14580
2023,Pregabalin,Anticonvulsant,10,20,25,5,10,15,20,15,10,20,25,20,205,20,4100
2023,Lamotrigine,Anticonvulsant,85,95,105,80,85,90,100,95,85,95,105,100,1050,15,15750
2023,Budesonide,Corticosteroid,30,40,45,25,30,35,40,35,30,40,45,40,435,18,7830
2023,Quetiapine,Atypical antipsychotic,65,75,85,60,65,70,80,75,65,75,85,80,845,20,16900
2023,Risperidone,Atypical antipsychotic,20,30,35,15,20,25,30,25,20,30,35,30,305,22,6710
2023,Venlafaxine,SNRI antidepressant,90,100,110,85,90,95,105,100,90,100,110,105,1125,12,13500
2023,Mirtazapine,Atypical antidepressant,15,25,30,10,15,20,25,20,15,25,30,25,250,10,2500
2023,Trazodone,SARI antidepressant,100,110,120,95,100,105,115,110,100,110,120,115,1215,15,18225
2023,Baclofen,Muscle relaxant,10,20,25,5,10,15,20,15,10,20,25,20,205,25,5125
2023,Methotrexate,Chemotherapy agent,85,95,105,80,85,90,100,95,85,95,105,100,1050,20,21000
2023,Doxycycline,Antibiotic,30,40,45,25,30,35,40,35,30,40,45,40,435,22,9570
2023,Desvenlafaxine,SNRI antidepressant,65,75,85,60,65,70,80,75,65,75,85,80,845,12,10140
2023,Methylphenidate,Stimulant,20,30,35,15,20,25,30,25,20,30,35,30,305,18,5490
2023,Atomoxetine,SNRI antidepressant,90,100,110,85,90,95,105,100,90,100,110,105,1125,12,13500
2023,Buprenorphine,Opioid,15,25,30,10,15,20,25,20,15,25,30,25,250,15,3750
2023,Phenobarbital,Barbiturate,100,110,120,95,100,105,115,110,100,110,120,115,1215,10,12150
2023,Clomipramine,TCA antidepressant,10,20,25,5,10,15,20,15,10,20,25,20,205,20,4100
2023,Duloxetine,SNRI antidepressant,85,95,105,80,85,90,100,95,85,95,105,100,1050,15,15750
2023,Gabapentin,Anticonvulsant,30,40,45,25,30,35,40,35,30,40,45,40,435,18,7830
2023,Lacosamide,Anticonvulsant,65,75,85,60,65,70,80,75,65,75,85,80,845,20,16900
2023,Carbamazepine,Anticonvulsant,20,30,35,15,20,25,30,25,20,30,35,30,305,22,6710
2023,Clonidine,Central alpha-2 adrenergic agonist,90,100,110,85,90,95,105,100,90,100,110,105,1125,12,13500
2023,Lithium salts,Mood stabilizer,15,25,30,10,15,20,25,20,15,25,30,25,250,15,3750
2023,Olanzapine,Atypical antipsychotic,100,110,120,95,100,105,115,110,100,110,120,115,1215,10,12150
2023,Pregabalin,Anticonvulsant,10,20,25,5,10,15,20,15,10,20,25,20,205,20,4100
